iso_code,continent,location,last_updated_date,total_cases,new_cases,new_cases_smoothed,total_deaths,new_deaths,new_deaths_smoothed,total_cases_per_million,new_cases_per_million,new_cases_smoothed_per_million,total_deaths_per_million,new_deaths_per_million,new_deaths_smoothed_per_million,reproduction_rate,icu_patients,icu_patients_per_million,hosp_patients,hosp_patients_per_million,weekly_icu_admissions,weekly_icu_admissions_per_million,weekly_hosp_admissions,weekly_hosp_admissions_per_million,new_tests,total_tests,total_tests_per_thousand,new_tests_per_thousand,new_tests_smoothed,new_tests_smoothed_per_thousand,positive_rate,tests_per_case,tests_units,total_vaccinations,people_vaccinated,people_fully_vaccinated,total_boosters,new_vaccinations,new_vaccinations_smoothed,total_vaccinations_per_hundred,people_vaccinated_per_hundred,people_fully_vaccinated_per_hundred,total_boosters_per_hundred,new_vaccinations_smoothed_per_million,stringency_index,population,population_density,median_age,aged_65_older,aged_70_older,gdp_per_capita,extreme_poverty,cardiovasc_death_rate,diabetes_prevalence,female_smokers,male_smokers,handwashing_facilities,hospital_beds_per_thousand,life_expectancy,human_development_index,excess_mortality_cumulative,excess_mortality
AFG,Asia,Afghanistan,9/23/2021,154800,43,62.714,7199,0,2.286,3885.988,1.079,1.574,180.719,0,0.057,0.87,,,,,,,,,,,,,,,,,,3133227,,,,,72098,7.87,,,,1810,,39835428,54.422,18.6,2.581,1.337,1803.987,,597.029,9.59,,,37.746,0.5,64.83,0.511,,
OWID_AFR,,Africa,9/23/2021,8211095,14646,12849.714,207678,462,390.857,5978.286,10.663,9.356,151.205,0.336,0.285,,,,,,,,,,,,,,,,,,,139778380,87670293,56932586,,588242,1342031,10.18,6.38,4.15,,977,,1373486472,,,,,,,,,,,,,,,,
ALB,Europe,Albania,9/23/2021,165864,768,785.571,2609,8,6.571,57733.314,267.323,273.439,908.131,2.785,2.287,1.03,,,,,,,,,,,,,,,,,,1674093,926652,747441,,8503,6922,58.27,32.25,26.02,,2409,,2872934,104.871,38,13.188,8.643,11803.431,1.1,304.195,10.08,7.1,51.2,,2.89,78.57,0.795,,
DZA,Africa,Algeria,9/23/2021,202283,161,184.857,5748,9,13.857,4533.803,3.609,4.143,128.831,0.202,0.311,0.71,23,0.516,,,,,,,,,,,,,,,,9989662,5815039,4174623,,,248708,22.39,13.03,9.36,,5574,52.78,44616626,17.348,29.1,6.211,3.857,13913.839,0.5,278.364,6.73,0.7,30.4,83.741,1.9,76.88,0.748,,
AND,Europe,Andorra,9/23/2021,15156,3,6.143,130,0,0,195930.398,38.783,79.412,1680.585,0,0,1.14,,,,,,,,,,212987,2753.406,,158,2.043,0.04,25.1,people tested,,,,,,,,,,,,51.85,77354,163.755,,,,,,109.135,7.97,29,37.8,,,83.73,0.868,,
AGO,Africa,Angola,9/23/2021,53840,453,287.571,1460,26,12.714,1586.627,13.35,8.475,43.025,0.766,0.375,1.11,,,,,,,,,,,,,,,,,,2820134,1836547,983587,,,43850,8.31,5.41,2.9,,1292,56.94,33933611,23.89,16.8,2.405,1.362,5819.495,,276.045,3.94,,,26.664,,61.15,0.581,,
AIA,North America,Anguilla,9/17/2021,,,,,,,,,,,,,,,,,,,,,,,,,,,,,,,18565,9498,9067,,,12,122.74,62.8,59.95,,793,,15125,,,,,,,,,,,,,81.88,,,
ATG,North America,Antigua and Barbuda,9/23/2021,2815,190,73,63,6,2.143,28512.681,1924.479,739.405,638.117,60.773,21.705,1.49,,,,,,,,,,,,,,,,,,81915,45099,36816,,,361,82.97,45.68,37.29,,3657,,98728,231.845,32.1,6.933,4.631,21490.943,,191.511,13.17,,,,3.8,77.02,0.778,,
ARG,South America,Argentina,9/23/2021,5246998,1733,1735.286,114772,88,95.857,115051.054,38,38.05,2516.608,1.93,2.102,0.72,,,,,,,,,28935,13858968,303.886,0.634,25423,0.557,0.025,40,tests performed,50010169,29201859,20840361,,280822,296172,109.66,64.03,45.7,,6494,75.93,45605823,16.177,31.9,11.198,7.441,18933.907,0.6,191.032,5.5,16.2,27.7,,5,76.67,0.845,,
ARM,Asia,Armenia,9/23/2021,255648,939,617.857,5200,19,17.857,86131.056,316.361,208.164,1751.946,6.401,6.016,1.16,,,,,,,,,4025,1655479,557.752,1.356,5519,1.859,0.124,8.1,tests performed,366779,237454,129325,,,4437,12.36,8,4.36,,1495,,2968128,102.931,35.7,11.232,7.571,8787.58,1.8,341.01,7.11,1.5,52.1,94.043,4.2,75.09,0.776,,
ABW,North America,Aruba,9/23/2021,,,,,,,,,,,,,,,,,,,,,,,,,,,,,,,155285,80962,74323,,166,120,144.86,75.53,69.33,,1119,15.28,107195,584.8,41.2,13.085,7.452,35973.781,,,11.62,,,,,76.29,,,
OWID_ASI,,Asia,9/23/2021,74770099,170219,174703.143,1112047,2198,2571.714,15977.676,36.374,37.332,237.634,0.47,0.55,,,,,,,,,,,,,,,,,,,4071403618,2349712149,1643791594,15338191,22463658,21327511,87,50.21,35.13,0.33,4557,,4679660580,,,,,,,,,,,,,,,,
AUS,Oceania,Australia,9/23/2021,93942,1764,1677.429,1208,12,9.571,3642.826,68.403,65.046,46.843,0.465,0.371,1.04,,,,,,,,,221985,36245879,1405.521,8.608,222541,8.63,0.008,132.3,tests performed,25782517,15598851,10183666,,337285,290085,99.98,60.49,39.49,,11249,71.76,25788217,3.202,37.9,15.504,10.129,44648.71,0.5,107.791,5.07,13,16.5,,3.84,83.44,0.944,,
AUT,Europe,Austria,9/23/2021,730403,1707,1758.857,10943,10,10.429,80769.345,188.763,194.498,1210.098,1.106,1.153,1.05,217,23.996,644,71.215,,,,,374322,83242754,9205.141,41.393,362845,40.124,0.006,181.4,tests performed,10759454,5685519,5371741,,13401,12717,118.98,62.87,59.4,,1406,60.19,9043072,106.749,44.4,19.202,13.748,45436.686,0.7,145.183,6.35,28.4,30.9,,7.37,81.54,0.922,,
AZE,Asia,Azerbaijan,9/23/2021,477587,1178,1487.714,6394,24,23.857,46715.341,115.226,145.521,625.431,2.348,2.334,1.07,,,,,,,,,13546,4778393,467.4,1.325,12616,1.234,0.148,6.8,tests performed,8169473,4668637,3500836,,62588,51891,79.91,45.67,34.24,,5076,58.33,10223344,119.309,32.4,6.018,3.871,15847.419,,559.812,7.11,0.3,42.5,83.241,4.7,73,0.756,,
BHS,North America,Bahamas,9/23/2021,20288,0,70.429,512,0,6.143,51114.347,0,177.44,1289.952,0,15.477,1.06,,,,,,,,,,,,,,,,,,184431,,73901,,,1413,46.47,,18.62,,3560,54.17,396914,39.497,34.3,8.996,5.2,27717.847,,235.954,13.17,3.1,20.4,,2.9,73.92,0.814,,
BHR,Asia,Bahrain,9/23/2021,274614,90,81.857,1389,1,0.143,157075.322,51.479,46.821,794.488,0.572,0.082,0.95,,,,,,,,,15937,6315994,3612.659,9.116,16218,9.276,0.005,207.5,units unclear,2545834,1162821,1108896,,2017,1851,145.62,66.51,63.43,,1059,,1748295,1935.907,32.4,2.372,1.387,43290.705,,151.689,16.52,5.8,37.6,,2,77.29,0.852,,
BGD,Asia,Bangladesh,9/23/2021,1548320,1144,1445.286,27337,24,32.571,9310.207,6.879,8.691,164.38,0.144,0.196,0.72,,,,,,,,,27431,9437037,56.746,0.165,26696,0.161,0.064,15.7,tests performed,39118015,23509860,15608155,,601579,465167,23.52,14.14,9.39,,2797,52.78,166303494,1265.036,27.5,5.098,3.262,3523.984,14.8,298.003,8.38,1,44.7,34.808,0.8,72.59,0.632,,
BRB,North America,Barbados,9/23/2021,7065,161,116.714,63,1,1.286,24556.147,559.595,405.669,218.972,3.476,4.469,1.35,,,,,,,,,,,,,,,,,,228890,128969,99921,,1612,1274,79.56,44.83,34.73,,4428,56.48,287708,664.463,39.8,14.952,9.473,16978.068,,170.05,13.57,1.9,14.5,88.469,5.8,79.19,0.814,,
BLR,Europe,Belarus,9/23/2021,524248,1973,1966.714,4054,13,12.571,55517.885,208.941,208.275,429.319,1.377,1.331,1.07,,,,,,,,,18329,8238914,872.501,1.941,26008,2.754,0.075,13.3,tests performed,3389520,1877399,1512121,,,26145,35.9,19.88,16.01,,2769,19.44,9442867,46.858,40.3,14.799,9.788,17167.967,,443.129,5.18,10.5,46.1,,11,74.79,0.823,,
BEL,Europe,Belgium,9/23/2021,1231523,2287,2007.143,25543,10,7,105870.67,196.607,172.549,2195.862,0.86,0.602,1.09,215,18.483,709,60.951,,,434.101,37.318,22043,19559262,1681.456,1.895,47104,4.049,0.048,20.8,tests performed,16516158,8546176,8346279,31690,11269,10686,141.98,73.47,71.75,0.27,919,43.06,11632334,375.564,41.8,18.571,12.849,42658.576,0.2,114.898,4.29,25.1,31.4,,5.64,81.63,0.931,,
BLZ,North America,Belize,9/23/2021,19429,244,156.429,399,2,1.429,47982.91,602.596,386.324,985.392,4.939,3.528,1.3,,,,,,,,,,241828,597.232,,1098,2.712,0.116,8.6,tests performed,293681,185766,107915,,3712,3604,72.53,45.88,26.65,,8901,56.48,404915,16.426,25,3.853,2.279,7824.362,,176.957,17.11,,,90.083,1.3,74.62,0.716,,
BEN,Africa,Benin,9/23/2021,21450,0,0,146,0,0,1722.749,0,0,11.726,0,0,0.55,,,,,,,,,,,,,,,,,,174104,152699,21405,,,582,1.4,1.23,0.17,,47,31.48,12451031,99.11,18.8,3.244,1.942,2064.236,49.6,235.848,0.99,0.6,12.3,11.035,0.5,61.77,0.545,,
BMU,North America,Bermuda,9/17/2021,,,,,,,,,,,,,,,,,,,,,,,,,,,,,,,86194,43549,42645,,,40,138.82,70.14,68.68,,644,47.22,62092,1308.82,,,,50669.315,,139.547,13,,,,,82.59,,,
BTN,Asia,Bhutan,9/23/2021,2599,0,0.429,3,0,0,3332.479,0,0.55,3.847,0,0,0.16,,,,,,,,,655,1132065,1451.551,0.84,1571,2.014,0,10986,samples tested,1068414,574135,494279,,,3185,136.99,73.62,63.38,,4084,,779900,21.188,28.6,4.885,2.977,8708.597,1.5,217.066,9.75,,,79.807,1.7,71.78,0.654,,
BOL,South America,Bolivia,9/23/2021,498331,347,328.429,18688,7,10.286,42113.893,29.325,27.755,1579.321,0.592,0.869,0.93,,,,,,,,,4317,2387128,201.736,0.365,4945,0.418,0.066,15.1,tests performed,6443148,4202768,3083818,,24066,20355,54.45,35.52,26.06,,1720,44.91,11832936,10.202,25.4,6.704,4.393,6885.829,7.1,204.299,6.89,,,25.383,1.1,71.51,0.718,,
BIH,Europe,Bosnia and Herzegovina,9/23/2021,230212,852,764.286,10379,26,31.143,70542.329,261.073,234.195,3180.368,7.967,9.543,1.26,,,,,,,,,3462,1196043,366.495,1.061,3054,0.936,0.253,3.9,tests performed,,,,,,,,,,,,,3263459,68.496,42.5,16.569,10.711,11713.895,0.2,329.635,10.08,30.2,47.7,97.164,3.5,77.4,0.78,,
BWA,Africa,Botswana,9/23/2021,176427,2639,596.429,2360,6,2.429,73595.885,1100.849,248.798,984.465,2.503,1.013,1.01,,,,,,,,,,,,,,,,,,606699,380093,226606,,,2729,25.31,15.86,9.45,,1138,39.81,2397240,4.044,25.8,3.941,2.242,15807.374,,237.372,4.81,5.7,34.4,,1.8,69.59,0.735,,
BRA,South America,Brazil,9/23/2021,21308178,24611,34165.857,592964,648,531.143,99573.977,115.008,159.658,2770.945,3.028,2.482,1.56,,,,,,,,,,,,,,,,,,227164873,147908426,83816644,,2422708,1216162,106.16,69.12,39.17,,5683,51.39,213993441,25.04,33.5,8.552,5.06,14103.452,3.4,177.961,8.11,10.1,17.9,,2.2,75.88,0.765,,
BRN,Asia,Brunei,9/23/2021,5586,0,130.143,31,0,1.143,12651.405,0,294.753,70.21,0,2.588,1.18,,,,,,,,,,,,,,,,,,432882,262982,169900,,,6049,98.04,59.56,38.48,,13700,79.63,441532,81.347,32.4,4.591,2.382,71809.251,,201.285,12.79,2,30.9,,2.7,75.86,0.838,,
BGR,Europe,Bulgaria,9/23/2021,489423,1835,1505.429,20350,99,67.714,70965.272,266.071,218.284,2950.706,14.355,9.818,1.15,396,57.419,4703,681.925,,,,,,4627161,670.928,,19206,2.785,0.084,11.9,tests performed,2494575,,1298936,,11441,6585,36.17,,18.83,,955,,6896655,65.18,44.7,20.801,13.272,18563.307,1.5,424.688,5.81,30.1,44.4,,7.454,75.05,0.816,,
BFA,Africa,Burkina Faso,9/23/2021,14092,16,15.429,178,2,0.857,655.53,0.744,0.718,8.28,0.093,0.04,1.19,,,,,,,,,,,,,,,,,,254545,234490,168141,,,8838,1.18,1.09,0.78,,411,13.89,21497097,70.151,17.6,2.409,1.358,1703.102,43.7,269.048,2.42,1.6,23.9,11.877,0.4,61.58,0.452,,
BDI,Africa,Burundi,9/23/2021,16356,0,309.571,38,0,0,1334.592,0,25.26,3.101,0,0,0.68,,,,,,,,,,,,,,,,,,,,,,,,,,,,,15.74,12255429,423.062,17.5,2.562,1.504,702.225,71.7,293.068,6.05,,,6.144,0.8,61.58,0.433,,
KHM,Asia,Cambodia,9/23/2021,106619,638,640.429,2176,22,14,6291.526,37.648,37.791,128.405,1.298,0.826,1.07,,,,,,,,,,2289480,135.101,,,,,,tests performed,23341613,12823868,10706838,855045,241800,288538,137.74,75.67,63.18,5.05,17026,69.44,16946446,90.672,25.6,4.412,2.385,3645.07,,270.892,4,2,33.7,66.229,0.8,69.82,0.594,,
CMR,Africa,Cameroon,9/23/2021,85414,0,0,1368,0,0,3137.422,0,0,50.249,0,0,0.13,,,,,,,,,,,,,,,,,,459397,376195,83202,,,1455,1.69,1.38,0.31,,53,36.11,27224262,50.885,18.8,3.165,1.919,3364.926,23.8,244.661,7.2,,,2.735,1.3,59.29,0.563,,
CAN,North America,Canada,9/23/2021,1602413,4624,4312.143,27636,46,37,42093.534,121.467,113.275,725.966,1.208,0.972,1.19,749,19.675,2318,60.891,,,,,96459,42287266,1110.838,2.534,99130,2.604,0.044,22.5,tests performed,55527774,28909369,26618405,,117376,107954,145.87,75.94,69.92,,2836,68.06,38067913,4.037,41.4,16.984,10.797,44017.591,0.5,105.599,7.37,12,16.6,,2.5,82.43,0.929,,
CPV,Africa,Cape Verde,9/23/2021,37290,50,57,333,1,0.857,66364.004,88.984,101.441,592.631,1.78,1.525,1.03,,,,,,,,,754,,,1.342,,,,,tests performed,402075,282236,119839,,,2821,71.56,50.23,21.33,,5020,59.26,561901,135.58,25.7,4.46,3.437,6222.554,,182.219,2.42,2.1,16.5,,2.1,72.98,0.665,,
CYM,North America,Cayman Islands,9/22/2021,,,,,,,,,,,,,,,,,,,,,,,,,,,,,,,105697,54796,50901,,226,199,158.95,82.4,76.55,,2993,,66498,256.496,,,,49903.029,,,13.22,,,,,83.92,,,
CAF,Africa,Central African Republic,9/23/2021,11340,0,4.429,100,0,0,2304.884,0,0.9,20.325,0,0,0.1,,,,,,,,,,,,,,,,,,150393,140492,9901,,,1482,3.06,2.86,0.2,,301,27.78,4919987,7.479,18.3,3.655,2.251,661.24,,435.727,6.1,,,16.603,1,53.28,0.397,,
TCD,Africa,Chad,9/23/2021,5031,1,1.429,174,0,0,297.429,0.059,0.084,10.287,0,0,0.92,,,,,,,,,,,,,,,,,,123052,98213,24839,,,3536,0.73,0.58,0.15,,209,25,16914985,11.833,16.7,2.486,1.446,1768.153,38.4,280.995,6.1,,,5.818,,54.24,0.398,,
CHL,South America,Chile,9/23/2021,1649409,859,512.714,37410,31,16.714,85851.443,44.711,26.687,1947.184,1.614,0.87,0.97,,,,,,,,,22863,21012184,1093.68,1.19,42765,2.226,0.011,93.4,tests performed,31192299,14849474,14068332,2837586,100950,67207,162.36,77.29,73.23,14.77,3498,63.43,19212362,24.282,35.4,11.087,6.938,22767.037,1.3,127.993,8.46,34.2,41.5,,2.11,80.18,0.851,,
CHN,Asia,China,9/23/2021,96011,54,53,4636,0,0,66.48,0.037,0.037,3.21,0,0,1.23,,,,,,,,,,,,,,,,,,2190792000,1100842000,1022207000,,4209000,3587571,151.69,76.22,70.78,,2484,76.39,1444216102,147.674,38.7,10.641,5.929,15308.712,0.7,261.899,9.74,1.9,48.4,,4.34,76.91,0.761,,
COL,South America,Colombia,9/23/2021,4946811,1608,1537,126032,26,35.714,96493.316,31.366,29.981,2458.401,0.507,0.697,0.91,,,,,,,,,29488,25029645,488.232,0.575,45158,0.881,0.043,23.3,tests performed,38683134,25270271,16223761,,166528,150804,75.46,49.29,31.65,,2942,51.39,51265841,44.223,32.2,7.646,4.312,13254.949,4.5,124.24,7.44,4.7,13.5,65.386,1.71,77.29,0.767,,
COM,Africa,Comoros,9/23/2021,4112,2,1.571,147,0,0,4628.254,2.251,1.769,165.456,0,0,0.83,,,,,,,,,,,,,,,,,,336863,174765,162098,,,192,37.92,19.67,18.24,,216,,888456,437.352,20.4,2.963,1.726,1413.89,18.1,261.516,11.88,4.4,23.6,15.574,2.2,64.32,0.554,,
COG,Africa,Dem. Rep. Congo,9/23/2021,14014,0,44.714,191,0,1.143,2477.277,0,7.904,33.763,0,0.202,0.43,,,,,,,,,,,,,,,,,,329905,215561,114344,,,1525,5.83,3.81,2.02,,270,27.78,5657017,15.405,19,3.402,2.063,4881.406,37,344.094,7.2,1.7,52.3,47.964,,64.57,0.574,,
CRI,North America,Costa Rica,9/23/2021,518632,2701,2324.286,6168,40,35.571,100919.761,525.583,452.279,1200.221,7.784,6.922,1.22,,,,,,,,,7322,1812767,352.743,1.425,7044,1.371,0.262,3.8,people tested,5278407,3274461,2003946,,,58046,102.71,63.72,38.99,,11295,,5139053,96.079,33.6,9.468,5.694,15524.995,1.3,137.973,8.78,6.4,17.4,83.841,1.13,80.28,0.81,,
CIV,Africa,Cote d'Ivoire,9/23/2021,59558,150,146.714,586,3,5.714,2201.479,5.545,5.423,21.661,0.111,0.211,0.98,,,,,,,,,4558,977401,36.128,0.168,3499,0.129,0.041,24.2,samples tested,1868955,1193877,273400,,32051,29143,6.91,4.41,1.01,,1077,17.59,27053629,76.399,18.7,2.933,1.582,3601.006,28.2,303.74,2.42,,,19.351,,57.78,0.538,,
HRV,Europe,Croatia,9/23/2021,396470,1373,1172.857,8554,15,11.714,97134.571,336.383,287.348,2095.717,3.675,2.87,1.27,,,572,140.139,,,441.541,108.177,10978,2751748,674.174,2.69,9589,2.349,0.122,8.2,people tested,3397030,1799370,1686909,,9015,5767,83.23,44.08,41.33,,1413,,4081657,73.726,44,19.724,13.053,22669.797,0.7,253.782,5.59,34.3,39.9,,5.54,78.49,0.851,,
CUB,North America,Cuba,9/23/2021,832286,6935,8023,7048,70,63.857,73539.752,612.768,708.902,622.752,6.185,5.642,1.04,,,,,,,,,,,,,,,,,,19073986,8635392,4729445,11474,321422,304384,168.54,76.3,41.79,0.1,26895,71.76,11317498,110.408,43.1,14.738,9.719,,,190.968,8.27,17.1,53.3,85.198,5.2,78.8,0.783,,
CUW,North America,Curacao,9/22/2021,,,,,,,,,,,,,,,,,,,,,,,,,,,,,,,186219,97531,88688,,73,156,113,59.18,53.82,,947,,164796,362.644,41.7,16.367,10.068,,,,11.62,,,,,78.88,,,
CYP,Europe,Cyprus,9/23/2021,117759,251,180.714,551,3,2.429,132610.74,282.656,203.506,620.492,3.378,2.735,1.63,17,19.144,98,110.36,13,14.64,46,51.802,64474,12745004,14352.401,72.605,54037,60.852,0.002,436.3,tests performed,1144151,592382,546812,,2346,2309,128.85,66.71,61.58,,2600,43.52,888005,127.657,37.3,13.416,8.563,32415.132,,141.171,9.24,19.6,52.7,,3.4,80.98,0.887,,
CZE,Europe,Czechia,9/23/2021,1687973,525,441.714,30448,2,3.714,157393.32,48.953,41.187,2839.093,0.186,0.346,1.2,27,2.518,155,14.453,64.183,5.985,269.77,25.154,67010,,,6.248,69431,6.474,0.006,166.7,tests performed,11756805,6061353,5924704,,9145,8401,109.63,56.52,55.24,,783,32.41,10724553,137.176,43.3,19.027,11.58,32605.906,,227.485,6.82,30.5,38.3,,6.63,79.38,0.9,,
COD,Africa,Democratic Republic of Congo,9/23/2021,56463,0,15.143,1068,0,0,611.217,0,0.164,11.561,0,0,0.89,,,,,,,,,,,,,,,,,,134860,97328,37532,,,1452,0.15,0.11,0.04,,16,37.96,92377986,35.879,17,3.02,1.745,808.133,77.1,318.949,6.1,,,4.472,,60.68,0.48,,
DNK,Europe,Denmark,9/23/2021,357571,362,333.714,2640,4,2.714,61509.104,62.271,57.405,454.131,0.688,0.467,0.72,23,3.956,98,16.858,0.998,0.172,88.855,15.285,20296,40743061,7008.592,3.491,36450,6.27,0.009,107.5,tests performed,8744427,4446419,4344363,,5857,5901,150.42,76.49,74.73,,1015,24.07,5813302,136.52,42.3,19.677,12.325,46682.515,0.2,114.767,6.41,19.3,18.8,,2.5,80.9,0.94,,
DJI,Africa,Djibouti,9/23/2021,12253,46,41.857,162,3,0.714,12226.139,45.899,41.765,161.645,2.993,0.713,1.95,,,,,,,,,,,,,,,,,,67229,41142,26087,,,174,6.71,4.11,2.6,,174,,1002197,41.285,25.4,4.213,2.38,2705.406,22.5,258.037,6.05,1.7,24.5,,1.4,67.11,0.524,,
DMA,North America,Dominica,9/23/2021,3197,63,62.714,13,2,0.714,44296.957,872.915,868.956,180.125,27.712,9.897,1.18,,,,,,,,,,,,,,,,,,43971,23300,20671,,,82,60.93,32.28,28.64,,1136,72.22,72172,98.567,,,,9673.367,,227.376,11.62,,,,3.8,75,0.742,,
DOM,North America,Dominican Republic,9/23/2021,356321,279,268.286,4031,0,0.857,32529.697,25.471,24.493,368.003,0,0.078,0.98,,,,,,,,,,2027784,185.123,,3532,0.322,0.074,13.5,samples tested,11741680,6014185,4849827,877668,33027,26966,107.19,54.91,44.28,8.01,2462,53.24,10953714,222.873,27.6,6.981,4.419,14600.861,1.6,266.653,8.2,8.5,19.1,55.182,1.6,74.08,0.756,,
ECU,South America,Ecuador,9/23/2021,507020,0,165.714,32666,0,15.286,28343.39,0,9.264,1826.092,0,0.855,1.03,,,,,,,,,2158,1716831,95.974,0.121,2227,0.124,0.038,26.1,people tested,20883577,11050419,9833158,,19482,23396,116.74,61.77,54.97,,1308,65.74,17888474,66.939,28.1,7.104,4.458,10581.936,3.6,140.448,5.55,2,12.3,80.635,1.5,77.01,0.759,,
EGY,Africa,Egypt,9/23/2021,299710,722,665.571,17074,31,21.857,2874.686,6.925,6.384,163.766,0.297,0.21,1.32,,,,,,,,,,,,,,,,,,13808798,8709333,5099465,,975155,259943,13.24,8.35,4.89,,2493,35.19,104258327,97.999,25.3,5.159,2.891,10550.206,1.3,525.432,17.31,0.2,50.1,89.827,1.6,71.99,0.707,,
SLV,North America,El Salvador,9/23/2021,102024,0,331.857,3152,14,12.286,15651.454,0,50.91,483.547,2.148,1.885,0.75,,,,,,,,,,,,,,,,,,7233466,3962912,3270554,,49060,27879,110.97,60.79,50.17,,4277,32.41,6518500,307.811,27.6,8.273,5.417,7292.458,2.2,167.295,8.87,2.5,18.8,90.65,1.3,73.32,0.673,,
GNQ,Africa,Equatorial Guinea,9/23/2021,11806,262,106.143,142,2,0.714,8142.681,180.703,73.207,97.938,1.379,0.493,1.28,,,,,,,,,2175,214740,148.108,1.5,1036,0.715,0.144,6.9,tests performed,381835,219233,162602,,,1667,26.34,15.12,11.21,,1150,,1449891,45.194,22.4,2.846,1.752,22604.873,,202.812,7.78,,,24.64,2.1,58.74,0.592,,
ERI,Africa,Eritrea,9/23/2021,6680,0,1.857,41,0,0.143,1854.802,0,0.516,11.384,0,0.04,0.95,,,,,,,,,,,,,,,,,,,,,,,,,,,,,50.93,3601462,44.304,19.3,3.607,2.171,1510.459,,311.11,6.05,0.2,11.4,,0.7,66.32,0.459,,
EST,Europe,Estonia,9/23/2021,151881,589,498.571,1339,4,2.714,114610.908,444.465,376.227,1010.423,3.018,2.048,1.17,18,13.583,179,135.075,12.963,9.782,126.638,95.562,6579,1871926,1412.574,4.965,6231,4.702,0.075,13.4,tests performed,1350022,752369,597653,,4119,3439,101.87,56.77,45.1,,2595,28.7,1325188,31.033,42.7,19.452,13.491,29481.252,0.5,255.569,4.02,24.5,39.3,,4.69,78.74,0.892,,
SWZ,Africa,Eswatini,9/23/2021,45633,55,51.286,1209,5,2.143,38923.752,46.914,43.745,1031.245,4.265,1.828,0.5,,,,,,,,,,,,,,,,,,239551,206478,199621,,,2291,20.43,17.61,17.03,,1954,59.26,1172369,79.492,21.5,3.163,1.845,7738.975,,333.436,3.94,1.7,16.5,24.097,2.1,60.19,0.611,,
ETH,Africa,Ethiopia,9/23/2021,338306,1544,1367.286,5291,37,33.143,2870.01,13.098,11.599,44.886,0.314,0.281,1.07,,,,,,,,,5351,3389665,28.756,0.045,8515,0.072,0.167,6,tests performed,3460250,2729775,730475,,178780,77545,2.94,2.32,0.62,,658,43.52,117876226,104.957,19.8,3.526,2.063,1729.927,26.7,182.634,7.47,0.4,8.5,7.96,0.3,66.6,0.485,,
OWID_EUR,,Europe,9/23/2021,58546757,134564,119424,1215299,1954,1757,78297.507,179.959,159.712,1625.28,2.613,2.35,,,,,,,,,,,,,,,,,,,785165731,418558283,383585846,2356962,819945,1260752,105,55.98,51.3,0.32,1686,,747747396,,,,,,,,,,,,,,,,
OWID_EUN,,European Union,9/23/2021,37587073,54586,46444.571,767230,669,571.286,84051.701,122.064,103.859,1715.669,1.496,1.278,,,,,,,,,,,,,,,,,,,555095827,296994638,275756708,1839998,636507,740692,124.13,66.41,61.66,0.41,1656,,447189915,,,,,,,,,,,,,,,,
FRO,Europe,Faeroe Islands,9/23/2021,,,,,,,,,,,,,,,,,,,,,,,,,,,,,,,73872,37886,35986,,238,95,150.6,77.23,73.36,,1937,13.89,49053,35.308,,,,,,,,,,,,80.67,,,
FJI,Oceania,Fiji,9/23/2021,50447,177,122.857,583,4,5.571,55872.251,196.035,136.07,645.698,4.43,6.171,0.65,,,,,,,,,,,,,,,,,,975268,587948,387320,,,9017,108.02,65.12,42.9,,9987,86.11,902899,49.562,28.6,6.224,3.284,8702.975,1.4,412.82,14.49,10.2,34.8,,2.3,67.44,0.743,,
FIN,Europe,Finland,9/23/2021,138068,474,393.429,1062,0,1.429,24884.466,85.431,70.909,191.408,0,0.257,0.77,20,3.605,98,17.663,,,,,2338,6951623,1252.915,0.421,12166,2.193,0.037,27,tests performed,7439951,4113377,3326574,,33761,18091,134.09,74.14,59.96,,3261,36.57,5548361,18.136,42.8,21.228,13.264,40585.721,,153.507,5.76,18.3,22.6,,3.28,81.91,0.938,,
FRA,Europe,France,9/23/2021,7068630,7307,6632.429,117062,81,78.714,104620.859,108.149,98.165,1732.603,1.199,1.165,0.76,1832,27.115,8887,131.534,623.251,9.225,2434.794,36.037,790437,,,11.699,548529,8.119,0.015,66.7,people tested,92262410,49707676,43042655,540489,286019,232974,136.56,73.57,63.71,0.8,3448,66.67,67564251,122.578,42,19.718,13.079,38605.671,,86.06,4.77,30.1,35.6,,5.98,82.66,0.901,,
PYF,Oceania,French Polynesia,9/21/2021,,,,,,,,,,,,,,,,,,,,,,,,,,,,,,,282180,150277,131903,,,1571,99.87,53.19,46.69,,5560,,282534,77.324,32.7,7.775,4.593,,,,22.63,,,,,77.66,,,
GAB,Africa,Gabon,9/23/2021,28726,0,205,178,0,0.571,12605.597,0,89.958,78.11,0,0.251,1.6,,,,,,,,,,1130000,495.869,,310,0.136,0.661,1.5,samples tested,177392,100884,76508,,,1138,7.78,4.43,3.36,,499,61.11,2278829,7.859,23.1,4.45,2.976,16562.413,3.4,259.967,7.2,,,,6.3,66.47,0.703,,
GMB,Africa,Gambia,9/23/2021,9901,1,4.857,334,0,0.571,3981.203,0.402,1.953,134.302,0,0.23,0.71,,,,,,,,,,107328,43.157,,329,0.132,0.02,49,samples tested,,,,,,,,,,,,33.8,2486937,207.566,17.5,2.339,1.417,1561.767,10.1,331.43,1.91,0.7,31.2,7.876,1.1,62.05,0.496,,
GEO,Asia,Georgia,9/23/2021,602065,1653,1762.571,8711,47,45.857,151281.241,415.35,442.882,2188.818,11.81,11.523,0.8,,,,,,,,,50000,8600000,2160.927,12.564,21429,5.384,0.094,10.6,tests performed,1715073,963663,751410,,14178,14966,43.09,24.21,18.88,,3761,,3979773,65.032,38.7,14.864,10.244,9745.079,4.2,496.218,7.11,5.3,55.5,,2.6,73.77,0.812,,
DEU,Europe,Germany,9/23/2021,4183672,10315,8073.429,93310,67,57.714,49864.702,122.943,96.226,1112.151,0.799,0.688,1,1526,18.188,,,,,1188.393,14.164,,72301440,861.752,,141624,1.688,0.08,12.5,tests performed,106623426,56197198,53005569,543573,256635,190556,127.08,66.98,63.18,0.65,2271,56.48,83900471,237.016,46.6,21.453,15.957,45229.245,,156.139,8.31,28.2,33.1,,8,81.33,0.947,,
GHA,Africa,Ghana,9/23/2021,126146,316,324.571,1139,9,5.857,3975.34,9.958,10.228,35.894,0.284,0.185,1.09,,,,,,,,,,,,,,,,,,1623582,865422,758160,,,5590,5.12,2.73,2.39,,176,29.17,31732128,126.719,21.1,3.385,1.948,4227.63,12,298.245,4.97,0.3,7.7,41.047,0.9,64.07,0.611,,
GIB,Europe,Gibraltar,9/21/2021,,,,,,,,,,,,,,,,,,,,,,,,,,,,,,,79335,39872,39463,,36,23,235.48,118.35,117.13,,683,,33691,3457.1,,,,,,,,,,,,79.93,,,
GRC,Europe,Greece,9/23/2021,641022,2101,2277,14606,31,36,61810.591,202.589,219.56,1408.385,2.989,3.471,0.98,,,,,119.976,11.569,415.079,40.024,199673,18615143,1794.966,19.253,194816,18.785,0.012,84.4,samples tested,11983436,6400707,6011940,,22854,23761,115.55,61.72,57.97,,2291,60.65,10370747,83.479,45.3,20.396,14.524,24574.382,1.5,175.695,4.55,35.3,52,,4.21,82.24,0.888,,
GRL,North America,Greenland,9/23/2021,,,,,,,,,,,,,,,,,,,,,,,,,,,,,,,77376,41055,36321,,325,159,136.06,72.19,63.87,,2796,30.09,56868,0.137,,,,,,199.941,2.16,,,,,71.7,,,
GRD,North America,Grenada,9/23/2021,4638,282,196.571,98,23,7.429,41038.8,2495.244,1739.339,867.142,203.513,65.731,1.76,,,,,,,,,,,,,,,,,,51610,30783,20827,,,496,45.67,27.24,18.43,,4389,,113015,317.132,29.4,7.304,5.021,13593.877,,243.964,10.71,,,,3.7,72.4,0.779,,
GTM,North America,Guatemala,9/23/2021,542024,4037,2990.143,13241,56,47.714,29700.16,221.207,163.845,725.539,3.069,2.615,0.95,,,,,,,,,3999,2414918,132.325,0.219,11675,0.64,0.229,4.4,people tested,6424045,4260633,2163412,,88047,80181,35.2,23.35,11.85,,4394,66.2,18249868,157.834,22.9,4.694,3.016,7423.808,8.7,155.898,10.18,,,76.665,0.6,74.3,0.663,,
GGY,Europe,Guernsey,9/22/2021,,,,,,,,,,,,,,,,,,,,,,,,,,,,,,,101678,,,,,55,151.64,,,,820,,67052,,,,,,,,,,,,,,,,
GIN,Africa,Guinea,9/23/2021,30318,15,26,376,1,0.857,2246.238,1.111,1.926,27.858,0.074,0.064,0.97,,,,,,,,,,,,,,,,,,1554669,1068831,485838,,83562,23853,11.52,7.92,3.6,,1767,60.19,13497237,51.755,19,3.135,1.733,1998.926,35.3,336.717,2.42,,,17.45,0.3,61.6,0.477,,
GNB,Africa,Guinea-Bissau,9/23/2021,6094,1,5.857,133,0,0.429,3023.582,0.496,2.906,65.989,0,0.213,0.79,,,,,,,,,,,,,,,,,,94715,87231,7484,,,2228,4.7,4.33,0.37,,1105,,2015490,66.191,19.4,3.002,1.565,1548.675,67.1,382.474,2.42,,,6.403,,58.32,0.48,,
GUY,South America,Guyana,9/23/2021,30444,258,230.429,744,4,5.857,38520.667,326.446,291.56,941.38,5.061,7.411,1.21,,,,,,,,,,,,,,,,,,533843,351981,181862,,,2221,67.55,44.54,23.01,,2810,60.19,790329,3.952,26.3,5.305,2.837,7435.047,,373.159,11.62,,,77.159,1.6,69.91,0.682,,
HTI,North America,Haiti,9/23/2021,21453,22,19.286,607,2,1.571,1858.741,1.906,1.671,52.592,0.173,0.136,1.08,,,,,,,,,,,,,,,,,,61545,42899,18987,,1767,630,0.53,0.37,0.16,,55,64.81,11541683,398.448,24.3,4.8,2.954,1653.173,23.5,430.548,6.65,2.9,23.1,22.863,0.7,64,0.51,,
HND,North America,Honduras,9/23/2021,361527,0,936.714,9627,0,32.429,35926.385,0,93.085,956.674,0,3.223,1.04,,,,,,,,,,,,,,,,,,7026806,5034639,1992167,,,63650,69.83,50.03,19.8,,6325,75,10062994,82.805,24.9,4.652,2.883,4541.795,16,240.208,7.21,2,,84.169,0.7,75.27,0.634,,
HKG,Asia,Hong Kong,9/23/2021,12169,2,2.857,213,0,0,1611.191,0.265,0.378,28.201,0,0,,,,,,,,,,,,,,,,,,,8473964,4430341,4043623,,33715,27931,112.2,58.66,53.54,,3698,59.26,7552800,7039.714,44.8,16.303,10.158,56054.92,,,8.33,,,,,84.86,0.949,,
HUN,Europe,Hungary,9/23/2021,819547,526,409.571,30145,2,3.857,85066.766,54.597,42.512,3128.97,0.208,0.4,1.34,,,353,36.64,,,,,36911,6355050,659.637,3.831,12861,1.335,0.029,34.3,tests performed,,5873523,5615273,691000,,,,60.97,58.29,7.17,,27.78,9634162,108.043,43.4,18.577,11.976,26777.561,0.5,278.296,7.55,26.8,34.8,,7.02,76.88,0.854,,
ISL,Europe,Iceland,9/23/2021,11594,36,31,33,0,0,33766.309,104.846,90.284,96.109,0,0,0.85,,,9,26.212,0,0,8.487,24.716,860,620997,1808.589,2.505,1501,4.372,,,tests performed,551110,281440,275493,48414,1925,750,160.51,81.97,80.23,14.1,2184,41.67,343360,3.404,37.3,14.431,9.207,46482.958,0.2,117.992,5.31,14.3,15.2,,2.91,82.99,0.949,,
IND,Asia,India,9/23/2021,33594803,31382,30439.286,446368,318,302.857,24109.793,22.522,21.845,320.342,0.228,0.217,0.93,,,,,,,,,1281598,553621766,397.315,0.92,1515384,1.088,0.02,49.3,samples tested,837239837,621209052,216030785,,9941864,9414028,60.09,44.58,15.5,,6756,,1393409033,450.419,28.2,5.989,3.414,6426.674,21.2,282.28,10.39,1.9,20.6,59.55,0.53,69.66,0.645,,
IDN,Asia,Indonesia,9/23/2021,4201559,2881,2892.857,141114,160,170.714,15203.111,10.425,10.468,510.613,0.579,0.618,0.6,,,,,,,,,176440,24548760,88.828,0.638,168233,0.609,0.018,54.2,people tested,130228475,83248128,46980347,,1618510,1414335,47.12,30.12,17,,5118,68.98,276361788,145.725,29.3,5.319,3.053,11188.744,5.7,342.864,6.32,2.8,76.1,64.204,1.04,71.72,0.718,,
OWID_INT,,International,9/23/2021,721,0,0,15,0,0,,,,,,,,,,,,,,,,,,,,,,,,,,,,,,,,,,,,,,,,,,,,,,,,,,,,,
IRN,Asia,Iran,9/23/2021,5493591,16362,16454.714,118508,317,348,64608.622,192.429,193.519,1393.74,3.728,4.093,0.78,,,,,,,,,108213,31331261,368.478,1.273,110503,1.3,0.151,6.6,tests performed,43372270,29526662,13961491,,1706088,945577,51.01,34.73,16.42,,11121,69.91,85028760,49.831,32.4,5.44,3.182,19082.62,0.2,270.308,9.59,0.8,21.1,,1.5,76.68,0.783,32.76,112.43
IRQ,Asia,Iraq,9/23/2021,1987352,2953,2880.714,21993,44,44.286,48260.887,71.711,69.955,534.078,1.068,1.075,0.74,,,,,,,,,19840,14996224,364.169,0.482,28496,0.692,0.118,8.5,samples tested,7448300,4585095,2486604,,,64676,18.09,11.13,6.04,,1571,,41179351,88.125,20,3.186,1.957,15663.986,2.5,218.612,8.83,,,94.576,1.4,70.6,0.674,,
IRL,Europe,Ireland,9/23/2021,380720,1354,1345.571,5209,0,4.286,76405.245,271.729,270.038,1045.374,0,0.86,0.91,63,12.643,278,55.791,18.067,3.626,167.621,33.639,19186,7187263,1442.384,3.85,25222,5.062,0.051,19.7,tests performed,7157391,3758178,3634315,,11065,11643,143.64,75.42,72.94,,2337,48.15,4982904,69.874,38.7,13.928,8.678,67335.293,0.2,126.459,3.28,23,25.7,,2.96,82.3,0.955,,
IMN,Europe,Isle of Man,9/23/2021,,,,,,,,,,,,,,,,,,,,,,,,,,,,,,,129301,65458,63843,,81,55,151.39,76.64,74.75,,644,,85410,147.872,,,,,,,,,,,,81.4,,,
ISR,Asia,Israel,9/23/2021,1254351,6718,6564,7611,19,20.857,142705.684,764.297,746.777,865.892,2.162,2.373,0.97,253,28.783,1061,120.708,575,65.417,1210,137.66,111305,26064794,2965.354,12.663,124824,14.201,0.058,17.1,tests performed,14840739,6081273,5605487,3153979,35197,33087,168.84,69.19,63.77,35.88,3764,56.48,8789776,402.606,30.6,11.733,7.359,33132.32,0.5,93.32,6.74,15.4,35.4,,2.99,82.97,0.919,,
ITA,Europe,Italy,9/23/2021,4649906,4053,3821.571,130551,63,54.857,77026.682,67.139,63.305,2162.605,1.044,0.909,0.86,530,8.78,4459,73.864,,,1077.964,17.857,263571,89420490,1481.269,4.366,280951,4.654,0.015,66.2,tests performed,83383557,44621736,40202926,26906,180015,213316,138.13,73.92,66.6,0.04,3534,68.98,60367471,205.859,47.9,23.021,16.24,35220.084,2,113.151,4.78,19.8,27.8,,3.18,83.51,0.892,,
JAM,North America,Jamaica,9/23/2021,81394,435,486.429,1809,6,5.857,27373.479,146.294,163.59,608.382,2.018,1.97,0.99,,,,,,,,,756,588481,197.911,0.254,1683,0.566,0.322,3.1,samples tested,711694,515281,219244,,8866,5848,23.93,17.33,7.37,,1967,79.63,2973462,266.879,31.4,9.684,6.39,8193.571,,206.537,11.28,5.3,28.6,66.425,1.7,74.47,0.734,,
JPN,Asia,Japan,9/23/2021,1688929,3604,3587.286,17397,49,49.429,13398.797,28.592,28.459,138.016,0.389,0.392,0.53,,,,,,,,,25151,22979541,182.304,0.2,85199,0.676,0.057,17.4,people tested,156559895,85829323,70730572,,1853179,953908,124.2,68.09,56.11,,7568,50.46,126050796,347.778,48.2,27.049,18.493,39002.223,,79.37,5.72,11.2,33.7,,13.05,84.63,0.919,,
JEY,Europe,Jersey,9/19/2021,,,,,,,,,,,,,,,,,,,,,,,,,,,,,,,150891,76998,73893,,,73,149.29,76.18,73.11,,722,,101073,,,,,,,,,,,,,,,,
JOR,Asia,Jordan,9/23/2021,817487,913,860.571,10645,8,8.429,79607.094,88.908,83.803,1036.613,0.779,0.821,0.92,,,,,,,,,27178,9775341,951.925,2.647,27719,2.699,0.032,31.2,tests performed,6882807,3660647,3222160,,16784,16586,67.02,35.65,31.38,,1615,,10269022,109.285,23.2,3.81,2.361,8337.49,0.1,208.257,11.75,,,,1.4,74.53,0.729,,
KAZ,Asia,Kazakhstan,9/23/2021,947482,2749,2734.429,15503,0,67.429,49880.71,144.723,143.955,816.164,0,3.55,0.81,,,,,,,,,,,,,,,,,,13698195,7408957,6289238,,79078,69187,72.11,39,33.11,,3642,,18994958,6.681,30.6,6.991,4.625,24055.588,0.1,466.792,7.11,7,43.1,98.999,6.7,73.6,0.825,,
KEN,Africa,Kenya,9/23/2021,247675,317,334,5045,27,12,4504.353,5.765,6.074,91.751,0.491,0.218,0.76,,,,,,,,,,,,,,,,,,3507836,2631821,876015,,46780,38012,6.38,4.79,1.59,,691,45.83,54985702,87.324,20,2.686,1.528,2993.028,36.8,218.637,2.92,1.2,20.4,24.651,1.4,66.7,0.601,,
KIR,Oceania,Kiribati,9/23/2021,2,0,0,,,0,16.476,0,0,,,0,,,,,,,,,,,,,,,,,,,31332,24429,6903,,,1494,25.81,20.12,5.69,,12308,37.5,121388,143.701,23.2,3.895,2.21,1981.132,,434.657,22.66,35.9,58.9,,1.9,68.37,0.63,,
OWID_KOS,Europe,Kosovo,9/23/2021,159621,133,175,2919,2,8.571,82586.479,68.813,90.543,1510.265,1.035,4.435,0.63,,,,,,,,,2319,1159541,599.936,1.2,6218,3.217,0.044,23,tests performed,1226063,751280,474783,,15935,16540,63.44,38.87,24.56,,8558,,1932774,168.155,,,,9795.834,0.6,,,,,,,,,,
KWT,Asia,Kuwait,9/23/2021,411358,42,48.571,2443,1,1,95033.606,9.703,11.221,564.392,0.231,0.231,0.75,,,,,,,,,20509,4070660,940.421,4.738,15944,3.683,0.004,285.4,tests performed,,,,,,,,,,,,40.74,4328553,232.128,33.7,2.345,1.114,65530.537,,132.235,15.84,2.7,37,,2,75.49,0.806,,
KGZ,Asia,Kyrgyzstan,9/23/2021,178036,95,78.857,2595,0,2,26859.789,14.332,11.897,391.5,0,0.302,0.69,,,,,,,,,,,,,,,,,,1388072,795833,587663,,12257,10364,20.94,12.01,8.87,,1564,44.44,6628347,32.333,26.3,4.489,2.882,3393.474,1.4,436.362,7.11,3.6,50.5,89.22,4.5,71.45,0.697,,
LAO,Asia,Laos,9/23/2021,20646,694,369.571,16,0,0,2797.804,94.046,50.082,2.168,0,0,1.31,,,,,,,,,5270,515580,69.868,0.714,4920,0.667,0.059,16.8,people tested,,2799549,1909360,,,,,37.94,25.87,,,50,7379358,29.715,24.4,4.029,2.322,6397.36,22.7,368.111,4,7.3,51.2,49.839,1.5,67.92,0.613,,
LVA,Europe,Latvia,9/23/2021,152693,776,516,2669,4,5.286,81788.108,415.655,276.389,1429.617,2.143,2.831,1.28,,,292,156.406,62.633,33.549,281.849,150.969,,,,,,,,,,,,,,,,,,,,,37.96,1866934,31.212,43.9,19.754,14.136,25063.846,0.7,350.06,4.91,25.6,51,,5.57,75.29,0.866,,
LBN,Asia,Lebanon,9/23/2021,620552,602,624.714,8260,7,5.143,91673.535,88.933,92.288,1220.242,1.034,0.76,0.83,,,,,,,,,,,,,,,,,,2800095,1545270,1254825,,21066,15678,41.37,22.83,18.54,,2316,65.74,6769151,594.561,31.1,8.514,5.43,13367.565,,266.591,12.71,26.9,40.7,,2.9,78.93,0.744,,
LSO,Africa,Lesotho,9/23/2021,14395,0,0,403,0,0,6667.232,0,0,186.655,0,0,0.17,,,,,,,,,,,,,,,,,,332954,249173,238727,,,5703,15.42,11.54,11.06,,2641,60.19,2159067,73.562,22.2,4.506,2.647,2851.153,59.6,405.126,3.94,0.4,53.9,2.117,,54.33,0.527,,
LBR,Africa,Liberia,9/23/2021,5915,0,26.857,283,0,5.429,1141.846,0,5.185,54.631,0,1.048,0.16,,,,,,,,,,,,,,,,,,,,,,,,,,,,,,5180208,49.127,19.2,3.057,1.756,752.788,38.6,272.509,2.42,1.5,18.1,1.188,0.8,64.1,0.48,,
LBY,Africa,Libya,9/23/2021,335055,1006,885.571,4569,9,12.714,48150.201,144.571,127.264,656.603,1.293,1.827,0.83,,,,,,,,,5340,,,0.767,,,,,samples tested,1501622,1334670,166952,,48231,17188,21.58,19.18,2.4,,2470,51.85,6958538,3.623,29,4.424,2.816,17881.509,,341.862,10.43,,,,3.7,72.91,0.724,,
LIE,Europe,Liechtenstein,9/23/2021,3436,7,6,60,0,0,89820.672,182.987,156.846,1568.463,0,0,1.02,,,,,,,2.962,77.425,125,65694,1717.311,3.268,220,5.751,0.022,45.5,tests performed,46233,24325,22426,,138,208,120.86,63.59,58.62,,5437,25,38254,237.012,,,,,,,7.77,,,,2.397,82.49,0.919,,
LTU,Europe,Lithuania,9/23/2021,321243,1962,1251.714,4866,17,16.429,119427.316,729.405,465.345,1809.015,6.32,6.108,1.24,,,891,331.244,66.426,24.695,345.608,128.485,23801,4887751,1817.101,8.848,19986,7.43,0.058,17.2,tests performed,3339375,1720488,1618887,,8277,7638,124.15,63.96,60.18,,2840,30.56,2689862,45.135,43.5,19.002,13.778,29524.265,0.7,342.989,3.67,21.3,38,,6.56,75.93,0.882,,
LUX,Europe,Luxembourg,9/23/2021,77688,136,84.286,835,0,0.143,122379.154,214.236,132.772,1315.346,0,0.225,1.04,9,14.177,29,45.683,,,16.222,25.555,1484,3500471,5514.168,2.338,4189,6.599,0.019,52.6,tests performed,777789,414577,399522,542,680,666,122.52,65.31,62.94,0.09,1049,37.96,634814,231.447,39.7,14.312,9.842,94277.965,0.2,128.275,4.42,20.9,26,,4.51,82.25,0.916,,
MAC,Asia,Macao,9/20/2021,,,,,,,,,,,,,,,,,,,,,,,,,,,,,,,649564,348347,303260,,,4022,98.66,52.91,46.06,,6109,31.48,658391,20546.766,39.2,9.798,4.991,104861.851,,,,,,,,84.24,,,
MDG,Africa,Madagascar,9/23/2021,42898,0,0,958,0,0,1509.041,0,0,33.7,0,0,0.44,,,,,,,,,,,,,,,,,,381633,197001,184632,,,7039,1.34,0.69,0.65,,248,40.74,28427333,43.951,19.6,2.929,1.686,1416.44,77.6,405.994,3.94,,,50.54,0.2,67.04,0.528,,
MWI,Africa,Malawi,9/23/2021,61453,20,29,2269,1,2.571,3127.748,1.018,1.476,115.484,0.051,0.131,0.67,,,,,,,,,,,,,,,,,,1010384,772276,483685,,7986,6012,5.14,3.93,2.46,,306,39.81,19647681,197.519,18.1,2.979,1.783,1095.042,71.4,227.349,3.94,4.4,24.7,8.704,1.3,64.26,0.483,,
MYS,Asia,Malaysia,9/23/2021,2156678,13754,15275.429,24681,116,332.286,65800.133,419.634,466.053,753.016,3.539,10.138,0.91,,,,,,,,,,,,,,,,,,41573883,22482988,19180397,,326612,269781,126.84,68.6,58.52,,8231,,32776195,96.254,29.9,6.293,3.407,26808.164,0.1,260.942,16.74,1,42.4,,1.9,76.16,0.81,,
MDV,Asia,Maldives,9/23/2021,84103,86,122.143,229,0,0.286,154709.172,158.199,224.684,421.25,0,0.526,0.88,,,,,,,,,4698,1473156,2709.9,8.642,4814,8.855,0.022,44.7,samples tested,724971,391309,333662,,1289,1285,133.36,71.98,61.38,,2364,,543620,1454.433,30.6,4.12,2.875,15183.616,,164.905,9.19,2.1,55,95.803,,78.92,0.74,,
MLI,Africa,Mali,9/23/2021,15123,20,14.714,547,0,0.286,725.125,0.959,0.706,26.228,0,0.014,1.16,,,,,,,,,,,,,,,,,,397853,311376,86477,,,2863,1.91,1.49,0.41,,137,50.93,20855724,15.196,16.4,2.519,1.486,2014.306,,268.024,2.42,1.6,23,52.232,0.1,59.31,0.434,,
MLT,Europe,Malta,9/23/2021,37048,12,21.143,456,0,0.571,71998.818,23.321,41.089,886.187,0,1.111,0.71,,,,,1,1.943,7,13.604,,,,,,,,,,814067,419604,419078,5798,952,728,158.21,81.55,81.44,1.13,1415,43.52,514564,1454.037,42.4,19.426,11.324,36513.323,0.2,168.711,8.83,20.9,30.2,,4.485,82.53,0.895,,
MHL,Oceania,Marshall Islands,9/23/2021,4,0,0,,,0,67.094,0,0,,,0,,,,,,,,,,,,,,,,,,,,,,,,,,,,,,,59618,295.15,,,,3819.202,,557.793,30.53,,,82.502,2.7,73.7,0.704,,
MRT,Africa,Mauritania,9/23/2021,35717,56,72.143,768,0,1,7479.828,11.727,15.108,160.834,0,0.209,0.77,,,,,,,,,,,,,,,,,,333089,311544,21545,,,4503,6.98,6.52,0.45,,943,42.59,4775110,4.289,20.3,3.138,1.792,3597.633,6,232.347,2.42,,,15.95,,64.92,0.546,,
MUS,Africa,Mauritius,9/23/2021,14863,0,112.857,60,0,1.714,11671.645,0,88.625,47.117,0,1.346,1.03,,,,,,,,,,,,,,,,,,1633952,846158,787794,,,1155,128.31,66.45,61.86,,907,49.07,1273428,622.962,37.4,10.945,5.884,20292.745,0.5,224.644,22.02,3.2,40.7,,3.4,74.99,0.804,,
MEX,North America,Mexico,9/23/2021,3608976,11808,8535.286,274139,748,541.571,27705.47,90.648,65.524,2104.517,5.742,4.158,0.87,,,,,,,,,2325,9864382,75.727,0.018,15337,0.118,0.359,2.8,people tested,97523713,62911164,43248659,,730529,482780,74.87,48.3,33.2,,3706,29.63,130262220,66.444,29.3,6.857,4.321,17336.469,2.5,152.783,13.06,6.9,21.4,87.847,1.38,75.05,0.779,,
FSM,Oceania,Micronesia (country),9/23/2021,1,0,0,,,0,8.602,0,0,,,0,,,,,,,,,,,,,,,,,,,,,,,,,,,,,,,116255,150.777,23,4.81,2.392,3299.464,16,454.343,12.02,,,,,67.88,0.62,,
MDA,Europe,Moldova,9/23/2021,286536,1215,1056.143,6649,17,11.429,71206.317,301.936,262.459,1652.326,4.225,2.84,1.38,,,,,,,,,,1702715,423.137,,8380,2.082,0.121,8.3,tests performed,1375981,,765025,,8733,3318,34.19,,19.01,,825,29.63,4024025,123.655,37.6,10.864,6.955,5189.972,0.2,408.502,5.72,5.9,44.6,86.979,5.8,71.9,0.75,,
MCO,Europe,Monaco,9/23/2021,3300,1,1.714,33,0,0,83502.024,25.304,43.378,835.02,0,0,0.45,,,,,,,,,,,,,,,,,,49980,26672,23308,,,103,126.47,67.49,58.98,,2606,37.04,39520,19347.5,,,,,,,5.46,,,,13.8,86.75,,,
MNG,Asia,Mongolia,9/23/2021,287317,0,2948.143,1159,0,12.143,86299.989,0,885.519,348.123,0,3.647,1.07,,,,,,,,,31044,5061603,1520.329,9.325,174163,52.312,0.016,61.5,samples tested,4375211,2249848,2125363,,1020,1100,131.42,67.58,63.84,,330,38.89,3329282,1.98,28.6,4.031,2.421,11840.846,0.5,460.043,4.82,5.5,46.5,71.18,7,69.87,0.737,,
MNE,Europe,Montenegro,9/23/2021,128377,483,556,1879,5,8.143,204405.375,769.046,885.278,2991.795,7.961,12.965,1.03,,,,,,,,,,,,,,,,,,440083,233663,206420,,3906,2331,70.07,37.2,32.87,,3711,,628051,46.28,39.1,14.762,9.395,16409.288,1,387.305,10.08,44,47.9,,3.861,76.88,0.829,,
MSR,North America,Montserrat,9/17/2021,,,,,,,,,,,,,,,,,,,,,,,,,,,,,,,2856,1472,1384,,,2,57.34,29.55,27.79,,402,,4981,,,,,,,,,,,,,74.16,,,
MAR,Africa,Morocco,9/23/2021,925507,1583,1726.286,14076,36,43,24782.763,42.389,46.226,376.92,0.964,1.151,0.71,,,,,,,,,9629,8603089,230.369,0.258,20538,0.55,0.103,9.7,people tested,39523919,21580332,17943587,,267550,292320,105.84,57.79,48.05,,7828,,37344787,80.08,29.6,6.769,4.209,7485.013,1,419.146,7.14,0.8,47.1,,1.1,76.68,0.686,,
MOZ,Africa,Mozambique,9/23/2021,150370,90,80.857,1907,1,0.714,4675.241,2.798,2.514,59.292,0.031,0.022,0.57,,,,,,,,,705,878110,27.302,0.022,1844,0.057,0.093,10.7,units unclear,3644423,1903730,1740693,,,178036,11.33,5.92,5.41,,5535,48.15,32163045,37.728,17.7,3.158,1.87,1136.103,62.9,329.942,3.3,5.1,29.1,12.227,0.7,60.85,0.456,,
MMR,Asia,Myanmar,9/23/2021,453407,1744,1809.429,17343,77,67.714,8272.942,31.821,33.015,316.443,1.405,1.236,0.86,,,,,,,,,22800,4070480,74.271,0.416,23329,0.426,0.094,10.6,samples tested,9001616,5530365,3471251,,,90800,16.42,10.09,6.33,,1657,,54806014,81.721,29.1,5.732,3.12,5591.597,6.4,202.104,4.61,6.3,35.2,79.287,0.9,67.13,0.583,,
NAM,Africa,Namibia,9/23/2021,127071,36,76.286,3488,10,4.571,49112.526,13.914,29.484,1348.101,3.865,1.767,0.84,,,,,,,,,1326,688760,266.203,0.512,1505,0.582,0.049,20.2,samples tested,407502,248269,159233,,,4761,15.75,9.6,6.15,,1840,,2587344,3.078,22,3.552,2.085,9541.808,13.4,243.811,3.94,9.7,34.2,44.6,,63.71,0.646,,
NPL,Asia,Nepal,9/23/2021,788769,941,968.571,11072,13,10,26580.324,31.71,32.639,373.11,0.438,0.337,0.85,,,,,,,,,10786,4103886,138.295,0.363,9899,0.334,0.104,9.6,tests performed,12154018,6293089,5860929,,138385,89096,40.96,21.21,19.75,,3002,52.31,29674920,204.43,25,5.809,3.212,2442.804,15,260.797,7.26,9.5,37.8,47.782,0.3,70.78,0.602,,
NLD,Europe,Netherlands,9/23/2021,2029409,1934,1883.429,18541,13,8.143,118173.755,112.618,109.673,1079.654,0.757,0.474,0.79,195,11.355,364,21.196,65.111,3.791,283.134,16.487,,12903128,751.357,,11404,0.664,0.066,15.2,people tested,22253571,12095510,10959301,,,14285,129.58,70.43,63.82,,832,41.67,17173094,508.544,43.2,18.779,11.881,48472.545,,109.361,5.29,24.4,27.3,,3.32,82.28,0.944,,
NCL,Oceania,New Caledonia,9/21/2021,,,,,,,,,,,,,,,,,,,,,,,,,,,,,,,206784,127322,79462,,,4282,71.75,44.18,27.57,,14857,,288217,15.342,33.4,9.954,6.489,,,,23.36,,,,,77.55,,,
NZL,Oceania,New Zealand,9/23/2021,4145,9,18.571,27,0,0,852.768,1.852,3.821,5.555,0,0,0.85,,,,,,,,,19194,3287055,676.259,3.949,13735,2.826,0.001,686,tests performed,4917531,3192380,1725151,,53721,49390,101.17,65.68,35.49,,10161,81.02,4860642,18.206,37.9,15.322,9.72,36085.843,,128.797,8.08,14.8,17.2,,2.61,82.29,0.931,,
NIC,North America,Nicaragua,9/23/2021,13730,0,100.714,203,0,0.143,2048.526,0,15.027,30.288,0,0.021,0.02,,,,,,,,,,,,,,,,,,769105,490472,278633,,,4836,11.48,7.32,4.16,,722,,6702379,51.667,27.3,5.445,3.519,5321.444,3.2,137.016,11.47,,,,0.9,74.48,0.66,,
NER,Africa,Niger,9/23/2021,5971,4,3.429,201,0,0,237.597,0.159,0.136,7.998,0,0,1.02,,,,,,,,,,,,,,,,,,,,,,,,,,,,,19.44,25130810,16.955,15.1,2.553,1.378,926,44.5,238.339,2.42,0.1,15.4,8.978,0.3,62.42,0.394,,
NGA,Africa,Nigeria,9/23/2021,203514,433,451.143,2668,2,4,962.693,2.048,2.134,12.621,0.009,0.019,0.89,,,,,,,,,,2997060,14.177,,7783,0.037,0.049,20.6,samples tested,6255025,4474172,1780853,,,56613,2.96,2.12,0.84,,268,47.22,211400704,209.588,18.1,2.751,1.447,5338.454,,181.013,2.42,0.6,10.8,41.949,,54.69,0.539,,
OWID_NAM,,North America,9/23/2021,51301051,161443,156308.714,1041983,4188,2823.286,85991.721,270.614,262.007,1746.59,7.02,4.732,,,,,,,,,,,,,,,,,,,607160154,341113373,275444445,3259981,454305,1778723,101.77,57.18,46.17,0.55,2982,,596581283,,,,,,,,,,,,,,,,
MKD,Europe,North Macedonia,9/23/2021,188635,522,455,6539,28,24.571,90574.03,250.641,218.471,3139.733,13.444,11.798,0.89,,,,,,,,,,1251483,600.906,,4149,1.992,0.116,8.6,tests performed,1482287,778409,703878,,7780,8389,71.17,37.38,33.8,,4028,,2082661,82.6,39.1,13.26,8.16,13111.214,5,322.688,10.08,,,,4.28,75.8,0.774,,
NOR,Europe,Norway,9/23/2021,185330,721,699.714,850,0,1.286,33908.266,131.915,128.021,155.517,0,0.235,0.79,,,107,19.577,9.164,1.677,68.224,12.482,7898,7609645,1392.273,1.445,19722,3.608,0.045,22,people tested,7693893,4106694,3587199,,30445,21083,140.77,75.14,65.63,,3857,38.89,5465629,14.462,39.7,16.821,10.813,64800.057,0.2,114.316,5.31,19.6,20.7,,3.6,82.4,0.957,,
OWID_OCE,,Oceania,9/23/2021,167755,1950,1910.286,2036,16,17,3881.425,45.118,44.199,47.108,0.37,0.393,,,,,,,,,,,,,,,,,,,32790109,20090997,12699112,,437602,357053,75.87,46.49,29.38,,8261,,43219954,,,,,,,,,,,,,,,,
OMN,Asia,Oman,9/23/2021,303551,39,34.571,4093,0,0.143,58113.948,7.466,6.619,783.593,0,0.027,0.72,,,,,,,,,,,,,,,,,,4636486,2810262,1826224,,,42802,88.76,53.8,34.96,,8194,,5223376,14.98,30.7,2.355,1.53,37960.709,,266.342,12.61,0.5,15.6,97.4,1.6,77.86,0.813,,
PAK,Asia,Pakistan,9/23/2021,1234828,2233,2297,27482,50,58.571,5483.252,9.916,10.2,122.034,0.222,0.26,0.82,,,,,,,,,48151,19049329,84.589,0.214,52371,0.233,0.045,22.4,tests performed,76141484,56229457,25493964,,1005339,754887,33.81,24.97,11.32,,3352,62.96,225199929,255.573,23.5,4.495,2.78,5034.708,4,423.031,8.35,2.8,36.7,59.607,0.6,67.27,0.557,,
PLW,Oceania,Palau,9/23/2021,5,0,0,,,0,275.118,0,0,,,0,,,,,,,,,,,,,,,,,,,,,,,,,,,,,,,18174,47.237,,,,13240.405,,,15.89,7.7,22.7,,4.8,73.7,0.826,,
PSE,Asia,Palestine,9/23/2021,392452,2083,1831,3980,12,15.571,75142.702,398.832,350.581,762.05,2.298,2.981,0.99,,,,,,,,,10057,,,1.926,10688,2.046,0.192,5.2,tests performed,2001407,1347092,654315,,34601,27314,38.32,25.79,12.53,,5230,87.04,5222756,778.202,20.4,3.043,1.726,4449.898,1,265.91,10.59,,,,,74.05,0.708,,
PAN,North America,Panama,9/23/2021,465471,324,287.429,7192,9,3.714,106233.523,73.946,65.599,1641.416,2.054,0.848,0.85,,,,,,,,,5195,3799405,867.131,1.186,6730,1.536,0.048,20.7,tests performed,5087853,2904686,2183167,,2941,13102,116.12,66.29,49.83,,2990,77.31,4381583,55.133,29.7,7.918,5.03,22267.037,2.2,128.346,8.33,2.4,9.9,,2.3,78.51,0.815,,
PNG,Oceania,Papua New Guinea,9/23/2021,19182,0,91.429,217,0,1.857,2103.519,0,10.026,23.796,0,0.204,0.4,,,,,,,,,,,,,,,,,,154710,114419,40291,,,2895,1.7,1.25,0.44,,317,37.04,9119005,18.22,22.6,3.808,2.142,3823.194,,561.494,17.65,23.5,48.8,,,64.5,0.555,,
PRY,South America,Paraguay,9/23/2021,459751,31,32.429,16139,1,2.714,63680.59,4.294,4.492,2235.43,0.139,0.376,0.84,,,,,,,,,2124,1816025,251.54,0.294,2202,0.305,0.024,42.2,tests performed,4401222,2550991,1850231,,,18596,60.96,35.33,25.63,,2576,49.07,7219641,17.144,26.5,6.378,3.833,8827.01,1.7,199.128,8.27,5,21.6,79.602,1.3,74.25,0.728,,
PER,South America,Peru,9/23/2021,2170475,1048,870.714,199156,48,37.857,65063.341,31.415,26.101,5970.009,1.439,1.135,0.97,,,,,,,,,,,,,,,,,,24443018,14795237,9647781,,58362,204148,73.27,44.35,28.92,,6120,64.81,33359415,25.129,29.1,7.151,4.455,12236.706,3.5,85.755,5.95,4.8,,,1.6,76.74,0.777,95.52,13.15
PHL,Asia,Philippines,9/23/2021,2434753,17334,18651.571,37405,177,198.143,21925.446,156.096,167.961,336.84,1.594,1.784,0.98,,,,,,,,,44682,19133985,172.305,0.402,71019,0.64,0.28,3.6,people tested,43088582,,23416857,,488457,367105,38.8,,21.09,,3306,75.46,111046910,351.873,25.2,4.803,2.661,7599.188,,370.437,7.07,7.8,40.8,78.463,1,71.23,0.718,,
POL,Europe,Poland,9/23/2021,2900862,974,702.143,75537,14,10.429,76748.472,25.769,18.577,1998.492,0.37,0.276,1.3,,,1020,26.986,,,7.966,0.211,22207,20092593,531.592,0.588,37080,0.981,0.017,59.3,people tested,37104651,19730125,19340905,,31554,32280,98.17,52.2,51.17,,854,38.89,37797000,124.027,41.8,16.763,10.202,27216.445,,227.331,5.91,23.3,33.1,,6.62,78.73,0.88,,
PRT,Europe,Portugal,9/23/2021,1064876,885,781,17938,5,7.143,104728.96,87.038,76.81,1764.175,0.492,0.702,0.72,86,8.458,455,44.749,,,57.279,5.633,36416,18007442,1771.005,3.581,57176,5.623,0.017,59.8,tests performed,15888462,8912232,8592804,,19479,34958,156.26,87.65,84.51,,3438,52.78,10167923,112.371,46.2,21.502,14.924,27936.896,0.5,127.842,9.85,16.3,30,,3.39,82.05,0.864,,
QAT,Asia,Qatar,9/23/2021,236016,109,118.429,604,0,0,80537.133,37.195,40.412,206.106,0,0,0.86,,,,,,,,,5141,2610510,890.8,1.754,5285,1.803,0.023,43.4,people tested,4681668,2360308,2218292,,5605,6824,159.76,80.54,75.7,,2329,55.56,2930524,227.322,31.9,1.307,0.617,116935.6,,176.69,16.52,0.8,26.9,,1.2,80.23,0.848,,
ROU,Europe,Romania,9/23/2021,1172981,7095,5422,35964,113,96.857,61323.452,370.927,283.462,1880.198,5.908,5.064,1.6,,,,,,,14691.566,768.075,,9395743,491.209,,16130,0.843,0.26,3.8,tests performed,9987918,5406546,5286774,,16906,12385,52.22,28.27,27.64,,647,50,19127772,85.129,43,17.85,11.69,23313.199,5.7,370.946,9.74,22.9,37.1,,6.892,76.05,0.828,,
RUS,Europe,Russia,9/23/2021,7248572,21023,19702.286,197834,802,784.857,49677.689,144.08,135.029,1355.844,5.496,5.379,1.04,,,,,,,,,,187347905,1283.979,,433205,2.969,0.044,22.6,tests performed,88567925,47285157,41282768,,429315,286242,60.7,32.41,28.29,,1962,52.31,145912022,8.823,39.6,14.178,9.393,24765.954,0.1,431.297,6.18,23.4,58.3,,8.05,72.58,0.824,,
RWA,Africa,Rwanda,9/23/2021,96337,314,265.571,1233,7,5.714,7256.195,23.651,20.003,92.871,0.527,0.43,0.78,,,,,,,,,10186,2710633,204.167,0.767,13390,1.009,0.021,47.6,samples tested,3409470,1968873,1440597,,152810,75334,25.68,14.83,10.85,,5674,,13276517,494.869,20.3,2.974,1.642,1854.211,56,191.375,4.28,4.7,21,4.617,,69.02,0.543,,
KNA,North America,Saint Kitts and Nevis,9/23/2021,1762,44,24.714,10,0,0.143,32906.286,821.723,461.552,186.755,0,2.668,1.12,,,,,,,,,257,36602,683.562,4.8,219,4.09,0.106,9.5,people tested,47098,25178,21920,,,43,87.96,47.02,40.94,,803,,53546,212.865,,,,24654.385,,,12.84,,,,2.3,76.23,0.779,,
LCA,North America,Saint Lucia,9/23/2021,10852,125,90.714,169,1,4.286,58850.006,677.871,491.94,916.481,5.423,23.241,1.15,,,,,,,,,,,,,,,,,,74492,44292,30200,,754,425,40.4,24.02,16.38,,2305,,184401,293.187,34.9,9.721,6.405,12951.839,,204.62,11.62,,,87.202,1.3,76.2,0.759,,
VCT,North America,Saint Vincent and the Grenadines,9/23/2021,3071,107,65.429,17,0,0.571,27599.781,961.634,588.022,152.783,0,5.136,1.8,,,,,,,,,,,,,,,,,,33077,19984,13093,,488,51,29.73,17.96,11.77,,458,,111269,281.787,31.8,7.724,4.832,10727.146,,252.675,11.62,,,,2.6,72.53,0.738,,
WSM,Oceania,Samoa,9/23/2021,3,0,0,,,0,14.989,0,0,,,0,,,,,,,,,,,,,,,,,,,149431,99163,50268,,,981,74.66,49.55,25.12,,4901,,200144,69.413,22,5.606,3.564,6021.557,,348.977,9.21,16.7,38.1,,,73.32,0.715,,
SMR,Europe,San Marino,9/23/2021,5426,3,2.571,90,0,0,159541.311,88.209,75.608,2646.281,0,0,1.02,,,,,,,,,,,,,,,,,,47084,24422,24422,,2,19,138.44,71.81,71.81,,559,50,34010,556.667,,,,56861.47,,,5.64,,,,3.8,84.97,,,
STP,Africa,Sao Tome and Principe,9/23/2021,3217,25,33.286,47,1,0.714,14402.5,111.925,149.02,210.419,4.477,3.198,1.51,,,,,,,,,,,,,,,,,,73223,55036,18187,,,1611,32.78,24.64,8.14,,7212,,223364,212.841,18.7,2.886,2.162,3052.714,32.3,270.113,2.42,,,41.34,2.9,70.39,0.625,,
SAU,Asia,Saudi Arabia,9/23/2021,546735,0,57,8679,0,4.857,15470.415,0,1.613,245.581,0,0.137,0.58,,,,,,,,,45291,28433787,804.563,1.282,48127,1.362,0.002,578.8,tests performed,41360564,23201817,18158747,,69899,125662,117.03,65.65,51.38,,3556,55.56,35340680,15.322,31.9,3.295,1.845,49045.411,,259.538,17.72,1.8,25.4,,2.7,75.13,0.854,,
SEN,Africa,Senegal,9/23/2021,73706,14,20.571,1853,4,1.714,4286.153,0.814,1.196,107.756,0.233,0.1,0.51,,,,,,,,,1479,795255,46.246,0.086,1990,0.116,0.011,90.5,tests performed,1784832,1219834,564998,,,2395,10.38,7.09,3.29,,139,,17196308,82.328,18.7,3.008,1.796,2470.58,38,241.219,2.42,0.4,16.6,20.859,,67.94,0.512,,
SRB,Europe,Serbia,9/23/2021,893023,6480,6701.286,7926,41,37.429,131238.21,952.298,984.818,1164.801,6.025,5.5,1.27,,,,,,,,,16642,5407881,794.739,2.446,23800,3.498,0.293,3.4,people tested,6352644,3010835,2873259,468550,20146,20009,93.36,44.25,42.23,6.89,2941,36.11,6804596,80.291,41.2,17.366,,14048.881,,439.415,10.08,37.7,40.2,97.719,5.609,76,0.806,,
SYC,Africa,Seychelles,9/23/2021,21180,0,83.857,110,0,0.571,214134.061,0,847.813,1112.122,0,5.777,0.69,,,,,,,,,,,,,,,,,,148402,77311,71091,,,129,150.04,78.16,71.87,,1304,84.26,98910,208.354,36.2,8.606,5.586,26382.287,1.1,242.648,10.55,7.1,35.7,,3.6,73.4,0.796,,
SLE,Africa,Sierra Leone,9/23/2021,6393,0,0.714,121,0,0,785.251,0,0.088,14.862,0,0,0.66,,,,,,,,,,,,,,,,,,221110,181065,40045,,,1621,2.72,2.22,0.49,,199,29.63,8141343,104.7,19.1,2.538,1.285,1390.3,52.2,325.721,2.42,8.8,41.3,19.275,,54.7,0.452,,
SGP,Asia,Singapore,9/23/2021,82860,1504,1144.571,70,2,1.571,14051.965,255.059,194.104,11.871,0.339,0.266,1.25,19,3.222,,,,,,,,19108195,3240.498,,67054,11.371,0.012,85.2,samples tested,9199565,4671857,4560622,,22702,18109,156.01,79.23,77.34,,3071,52.78,5896684,7915.731,42.4,12.922,7.049,85535.383,,92.243,10.99,5.2,28.3,,2.4,83.62,0.938,,
SXM,North America,Sint Maarten (Dutch part),9/17/2021,,,,,,,,,,,,,,,,,,,,,,,,,,,,,,,49159,25672,23487,,,40,113.21,59.12,54.09,,921,,43421,1209.088,,,,36327.232,,,,,,,,78.95,,,
SVK,Europe,Slovakia,9/23/2021,405931,949,797.571,12592,3,3.714,74336.453,173.786,146.056,2305.92,0.549,0.68,1.56,,,282,51.641,2.001,0.366,33.017,6.046,12540,41565148,7611.652,2.296,23782,4.355,0.034,29.4,tests performed,4666195,2428864,2237331,,17,3766,85.45,44.48,40.97,,690,30.56,5460726,113.128,41.2,15.07,9.167,30155.152,0.7,287.959,7.29,23.1,37.7,,5.82,77.54,0.86,,
SVN,Europe,Slovenia,9/23/2021,287278,1011,962,4521,5,5,138199.269,486.356,462.784,2174.893,2.405,2.405,1.27,95,45.701,360,173.183,61.493,29.582,258.866,124.531,5728,1535730,738.785,2.756,5178,2.491,0.199,5,tests performed,2090618,1108278,982340,,12303,9753,100.57,53.32,47.26,,4692,35.19,2078723,102.619,44.5,19.062,12.93,31400.84,,153.493,7.25,20.1,25,,4.5,81.32,0.917,,
SLB,Oceania,Solomon Islands,9/23/2021,20,0,0,,,0,28.409,0,0,,,0,,,,,,,,,,,,,,,,,,,97744,74573,23171,,,1867,13.88,10.59,3.29,,2652,38.89,703995,21.841,20.8,3.507,2.043,2205.923,25.1,459.78,18.68,,,35.89,1.4,73,0.567,,
SOM,Africa,Somalia,9/23/2021,19583,348,109,1099,20,8.286,1197.041,21.272,6.663,67.178,1.223,0.506,1.26,,,,,,,,,,,,,,,,,,430762,249200,181599,,,10241,2.63,1.52,1.11,,626,35.19,16359500,23.5,16.8,2.731,1.496,,,365.769,6.05,,,9.831,0.9,57.4,,,
ZAF,Africa,South Africa,9/23/2021,2892081,2783,2666.571,86655,155,125.143,48167.636,46.351,44.412,1443.24,2.582,2.084,0.62,,,,,,,,,30987,17352945,289.013,0.516,39958,0.666,0.087,11.4,people tested,16755133,12115821,8344762,,194415,153048,27.91,20.18,13.9,,2549,45.37,60041996,46.754,27.3,5.344,3.053,12294.876,18.9,200.38,5.52,8.1,33.2,43.993,2.32,64.13,0.709,,
OWID_SAM,,South America,9/23/2021,37603210,30989,41276,1149794,856,772,86591.438,71.36,95.049,2647.708,1.971,1.778,,,,,,,,,,,,,,,,,,,421369430,259954067,166546068,3678972,2583485,1910325,97.03,59.86,38.35,0.85,4399,,434260138,,,,,,,,,,,,,,,,
KOR,Asia,Korea,9/23/2021,295132,2433,1884.857,2434,7,6.429,5752.479,47.422,36.738,47.442,0.136,0.125,1.09,,,,,,,,,17966,13116349,255.653,0.35,20850,0.406,0.066,15.1,people tested,49641439,37132188,13929897,,720478,293226,96.76,72.38,27.15,,5715,47.22,51305184,527.967,43.4,13.914,8.622,35938.374,0.2,85.998,6.8,6.2,40.9,,12.27,83.03,0.916,,
SSD,Africa,South Sudan,9/23/2021,11899,38,15.571,128,7,1,1045.48,3.339,1.368,11.246,0.615,0.088,1.14,,,,,,,,,,,,,,,,,,100621,72173,28448,,,2157,0.88,0.63,0.25,,190,25,11381377,,19.2,3.441,2.032,1569.888,,280.775,10.43,,,,,57.85,0.433,,
ESP,Europe,Spain,9/23/2021,4943855,3031,2504.429,86185,100,63.714,105761.743,64.841,53.576,1843.718,2.139,1.363,0.73,1028,21.992,3809,81.484,20.739,0.444,382.197,8.176,,57549938,1231.141,,83593,1.788,0.04,25.1,tests performed,69642236,37538323,36259105,,93158,98149,148.98,80.3,77.57,,2100,42.13,46745211,93.105,45.5,19.436,13.799,34272.36,1,99.403,7.17,27.4,31.4,,2.97,83.56,0.904,,
LKA,Asia,Sri Lanka,9/23/2021,510040,1368,1620.857,12448,72,90.143,23725.764,63.636,75.398,579.049,3.349,4.193,0.72,,,,,,,,,8338,5201578,241.964,0.388,9752,0.454,0.257,3.9,tests performed,25339522,14032696,11306826,,228645,125153,117.87,65.28,52.6,,5822,,21497306,341.955,34.1,10.069,5.331,11669.077,0.7,197.093,10.68,0.3,27,,3.6,76.98,0.782,,
SDN,Africa,Sudan,9/23/2021,38077,27,11.714,2894,13,2.714,847.864,0.601,0.261,64.441,0.289,0.06,0.81,,,,,,,,,,,,,,,,,,1499982,649062,581846,,,18956,3.34,1.45,1.3,,422,13.89,44909351,23.258,19.7,3.548,2.034,4466.507,,431.388,15.67,,,23.437,0.8,65.31,0.51,,
SUR,South America,Suriname,9/23/2021,39140,371,474.714,828,3,5.714,66137.432,626.903,802.156,1399.126,5.069,9.656,1.32,,,,,,,,,,,,,,,,,,387552,222408,165144,,2127,1644,65.49,37.58,27.91,,2778,58.33,591798,3.612,29.6,6.933,4.229,13767.119,,258.314,12.54,7.4,42.9,67.779,3.1,71.68,0.738,,
SWE,Europe,Sweden,9/23/2021,1148641,762,666.857,14813,4,8.571,113053.447,74.999,65.635,1457.95,0.394,0.844,1.14,44,4.331,299,29.429,18.692,1.84,,,37493,,,3.69,37493,3.69,0.029,35,tests performed,13569363,7115096,6452711,,37030,30842,133.55,70.03,63.51,,3036,37.04,10160159,24.718,41,19.985,13.433,46949.283,0.5,133.982,4.79,18.8,18.9,,2.22,82.8,0.945,,
CHE,Europe,Switzerland,9/23/2021,831881,1630,1557,11034,7,6.143,95448.52,187.023,178.647,1266.021,0.803,0.705,1.06,228,26.16,681,78.137,,,276,31.668,31457,10021691,1149.871,3.609,37367,4.287,0.059,16.9,tests performed,10230147,5426671,4679850,,33617,28773,117.38,62.26,53.7,,3301,44.44,8715494,214.243,43.1,18.436,12.644,57410.166,,99.739,5.59,22.6,28.9,,4.53,83.78,0.955,,
SYR,Asia,Syria,9/23/2021,31741,315,226.857,2172,14,9.714,1736.787,17.236,12.413,118.846,0.766,0.532,1.23,,,,,,,,,,,,,,,,,,533949,285087,248862,,,9335,2.92,1.56,1.36,,511,,18275704,,21.7,,2.577,,,376.264,,,,70.598,1.5,72.7,0.567,,
TWN,Asia,Taiwan,9/23/2021,16168,9,7.571,841,0,0.286,677.761,0.377,0.317,35.255,0,0.012,0.99,,,,,,,,,14406,3173829,133.047,0.604,18860,0.791,0,2444.9,people tested,13856466,11912534,1943932,,266699,131195,58.09,49.94,8.15,,5500,40.28,23855008,,42.2,,8.353,,,103.957,,,,,,80.46,,,
TJK,Asia,Tajikistan,9/23/2021,17484,0,0,125,0,0,1793.3,0,0,12.821,0,0,-0.14,,,,,,,,,,,,,,,,,,3872421,2307140,1565281,,,60806,39.72,23.66,16.05,,6237,29.63,9749625,64.281,23.3,3.466,2.155,2896.913,4.8,427.698,7.11,,,72.704,4.8,71.1,0.668,,
TZA,Africa,Tanzania,9/23/2021,1367,0,0,50,0,0,22.228,0,0,0.813,0,0,0,,,,,,,,,,,,,,,,,,350000,350000,350000,,,3243,0.57,0.57,0.57,,53,,61498438,64.699,17.7,3.108,1.874,2683.304,49.1,217.288,5.75,3.3,26.7,47.953,0.7,65.46,0.529,,
THA,Asia,Thailand,9/23/2021,1524613,13256,12910.857,15884,131,133,21795.491,189.505,184.57,227.074,1.873,1.901,0.93,,,,,,,,,41354,12894770,184.34,0.591,50234,0.718,0.293,3.4,tests performed,46023016,29501110,15899158,622748,811915,625131,65.79,42.17,22.73,0.89,8937,55.09,69950844,135.132,40.1,11.373,6.89,16277.671,0.1,109.861,7.04,1.9,38.8,90.67,2.1,77.15,0.777,,
TLS,Asia,Timor,9/23/2021,19264,58,58.286,109,1,1,14334.667,43.159,43.371,81.109,0.744,0.744,0.62,,,,,,,,,,194367,144.632,,809,0.602,0.164,6.1,tests performed,675891,424568,251323,,7881,4652,50.29,31.59,18.7,,3462,54.63,1343875,87.176,18,3.556,1.897,6570.102,30.3,335.346,6.86,6.3,78.1,28.178,5.9,69.5,0.606,,
TGO,Africa,Togo,9/23/2021,24986,84,127.571,216,0,1,2947.073,9.908,15.047,25.477,0,0.118,0.98,,,,,,,,,1634,498619,58.812,0.193,1675,0.198,0.084,12,tests performed,832822,445041,387781,,,15073,9.82,5.25,4.57,,1778,50.93,8478242,143.366,19.4,2.839,1.525,1429.813,49.2,280.033,6.15,0.9,14.2,10.475,0.7,61.04,0.515,,
TON,Oceania,Tonga,9/21/2021,,,,,,,,,,,,,,,,,,,,,,,,,,,,,,,73603,46126,27477,,,248,68.94,43.21,25.74,,2323,43.52,106759,150.028,22.3,5.82,4.032,5425.621,,227.49,15.42,11.8,44.4,,2.6,70.91,0.725,,
TTO,North America,Trinidad and Tobago,9/23/2021,49442,331,216.714,1437,5,5.714,35230.808,235.86,154.424,1023.961,3.563,4.072,0.94,,,,,,,,,755,333526,237.66,0.538,1363,0.971,0.148,6.8,people tested,1037412,564315,473097,,4755,3934,73.92,40.21,33.71,,2803,83.33,1403374,266.886,36.2,10.014,5.819,28763.071,,228.467,10.97,,,89.443,3,73.51,0.796,,
TUN,Africa,Tunisia,9/23/2021,703059,556,805.429,24676,22,41.857,58903.561,46.583,67.48,2067.4,1.843,3.507,0.94,,,,,,,,,9302,2874427,240.825,0.779,8269,0.693,0.093,10.7,people tested,7342484,4745368,3357086,,44623,46473,61.52,39.76,28.13,,3894,41.67,11935764,74.228,32.7,8.001,5.075,10849.297,2,318.991,8.52,1.1,65.8,78.687,2.3,76.7,0.74,,
TUR,Asia,Turkey,9/23/2021,6960267,27844,27612.714,62524,217,231.571,81844.345,327.412,324.692,735.207,2.552,2.723,1.12,,,,,,,,,346435,82744951,972.981,4.074,340155,4,0.081,12.4,tests performed,106893726,53185113,43002194,10706419,400962,410398,125.69,62.54,50.57,12.59,4826,,85042736,104.914,31.6,8.153,5.061,25129.341,0.2,171.285,12.13,14.1,41.1,,2.81,77.69,0.82,,
TCA,North America,Turks and Caicos Islands,9/17/2021,,,,,,,,,,,,,,,,,,,,,,,,,,,,,,,52374,27446,24928,,,77,133.52,69.97,63.55,,1963,,39226,37.312,,,,,,,,,,,,80.22,,,
TUV,Oceania,Tuvalu,9/10/2021,,,,,,,,,,,,,,,,,,,,,,,,,,,,,,,10861,6209,4652,,,11,91.08,52.07,39.01,,922,,11925,373.067,,,,3575.104,3.3,,27.25,,,,,67.57,,,
UGA,Africa,Uganda,9/23/2021,122591,89,115.286,3137,2,3.143,2601.482,1.889,2.446,66.57,0.042,0.067,0.48,,,,,,,,,3099,1650421,35.023,0.066,3411,0.072,0.033,30.3,samples tested,2058553,1643067,415486,,,29633,4.37,3.49,0.88,,629,81.48,47123533,213.759,16.4,2.168,1.308,1697.707,41.6,213.333,2.5,3.4,16.7,21.222,0.5,63.37,0.544,,
UKR,Europe,Ukraine,9/23/2021,2476848,8281,5920.571,58895,141,107,56982.496,190.513,136.209,1354.941,3.244,2.462,1.4,,,,,,,,,41625,12593275,289.722,0.958,30850,0.71,0.188,5.3,tests performed,11979985,6624026,5355959,,153628,107190,27.56,15.24,12.32,,2466,50.93,43466822,77.39,41.4,16.462,11.133,7894.393,0.1,539.849,7.11,13.5,47.4,,8.8,72.06,0.779,,
ARE,Asia,United Arab Emirates,9/23/2021,733972,329,380.714,2083,3,2,73462.707,32.929,38.105,208.486,0.3,0.2,0.68,,,,,,,,,227935,80875407,8094.759,22.814,317737,31.802,0.002,638.2,tests performed,19713423,9178234,8110078,,60059,66608,197.31,91.86,81.17,,6667,39.35,9991083,112.442,34,1.144,0.526,67293.483,,317.84,17.26,1.2,37.4,,1.2,77.97,0.89,,
GBR,Europe,United Kingdom,9/23/2021,7601598,35847,32592.429,136156,195,146,111448.756,525.561,477.845,1996.214,2.859,2.141,1.03,943,13.826,7567,110.942,,,6962,102.071,1116116,263671147,3865.743,16.364,966042,14.163,0.03,33,tests performed,93274224,48674154,44600070,,73527,76440,136.75,71.36,65.39,,1121,41.2,68207114,272.898,40.8,18.517,12.527,39753.244,0.2,122.137,4.28,20,24.7,,2.54,81.32,0.932,,
USA,North America,United States,9/23/2021,42672241,128731,126619.714,684349,3157,2010.857,128177.557,386.678,380.336,2055.626,9.483,6.04,0.99,23337,70.099,82328,247.294,,,72411,217.506,1101828,558104328,1676.417,3.31,1420333,4.266,0.106,9.4,tests performed,387821704,212564346,182587334,2370839,327988,683329,115.31,63.2,54.29,0.7,2032,61.57,332915074,35.608,38.3,15.413,9.732,54225.446,1.2,151.089,10.79,19.1,24.6,,2.77,78.86,0.926,,
URY,South America,Uruguay,9/23/2021,388191,123,127.429,6049,0,0.429,111384.238,35.293,36.563,1735.649,0,0.123,0.95,,,,,,,,,7639,3518631,1009.606,2.192,8049,2.31,0.016,61.8,tests performed,6127982,2724792,2561804,841386,28868,20673,175.83,78.18,73.51,24.14,5932,52.78,3485152,19.751,35.6,14.655,10.361,20551.409,0.1,160.708,6.93,14,19.9,,2.8,77.91,0.817,,
UZB,Asia,Uzbekistan,9/23/2021,170520,531,553.714,1207,4,4.571,5024.787,15.647,16.317,35.567,0.118,0.135,0.91,,,,,,,,,,,,,,,,,,18526941,,3700000,,,185684,54.59,,10.9,,5472,59.26,33935765,76.134,28.2,4.469,2.873,6253.104,,724.417,7.57,1.3,24.7,,4,71.72,0.72,,
VUT,Oceania,Vanuatu,9/23/2021,4,0,0,1,0,0,12.72,0,0,3.18,0,0,,,,,,,,,,,,,,,,,,,57184,42840,14344,,,938,18.18,13.62,4.56,,2983,22.22,314464,22.662,23.1,4.394,2.62,2921.909,13.2,546.3,12.02,2.8,34.5,25.209,,70.47,0.609,,
VAT,Europe,Vatican,9/23/2021,27,0,0,,,0,33251.232,0,0,,,0,,,,,,,,,,,,,,,,,,,,,,,,,,,,,,,812,,,,,,,,,,,,,75.12,,,
VEN,South America,Venezuela,9/23/2021,358462,0,1095.286,4346,0,14.429,12487.813,0,38.157,151.402,0,0.503,1.14,,,,,,,,,,,,,,,,,,11094206,6822809,4271397,,,125099,38.65,23.77,14.88,,4358,,28704947,36.253,29,6.614,3.915,16745.022,,204.85,6.47,,,,0.8,72.06,0.711,,
VNM,Asia,Vietnam,9/23/2021,728435,9472,10329.429,18017,236,227.429,7420.227,96.487,105.221,183.531,2.404,2.317,0.93,,,,,,,,,209988,18407857,187.512,2.139,259000,2.638,0.046,21.6,samples tested,35675840,28745680,6930160,,604126,631569,36.34,29.28,7.06,,6433,,98168829,308.127,32.6,7.15,4.718,6171.884,2,245.465,6,1,45.9,85.847,2.6,75.4,0.704,,
WLF,Oceania,Wallis and Futuna,9/21/2021,,,,,,,,,,,,,,,,,,,,,,,,,,,,,,,10231,5215,5016,,,47,92.22,47.01,45.21,,4237,,11094,,,,,,,,,,,,,79.94,,,
OWID_WRL,,World,9/23/2021,230601553,513811,506471.857,4728852,9674,8331.857,29282.864,65.246,64.314,600.492,1.228,1.058,0.96,,,,,,,,,,,,,,,,,,6057667422,3477099162,2538999651,24634106,27347237,27976396,76.92,44.15,32.24,0.31,3553,,7874965732,58.045,30.9,8.696,5.355,15469.207,10,233.07,8.51,6.434,34.635,60.13,2.705,72.58,0.737,,
YEM,Asia,Yemen,9/23/2021,8830,41,39,1664,6,6.429,289.597,1.345,1.279,54.574,0.197,0.211,1.08,,,,,,,,,,,,,,,,,,322934,308025,14909,,,244,1.06,1.01,0.05,,8,35.19,30490639,53.508,20.3,2.922,1.583,1479.147,18.8,495.003,5.35,7.6,29.2,49.542,0.7,66.12,0.47,,
ZMB,Africa,Zambia,9/23/2021,208715,39,64,3641,2,0.714,11031.065,2.061,3.383,192.435,0.106,0.038,0.69,,,,,,,,,3969,2398197,126.75,0.21,6061,0.32,0.013,78.3,tests performed,670361,,,,,5356,3.54,,,,283,43.52,18920657,22.995,17.7,2.48,1.542,3689.251,57.5,234.499,3.94,3.1,24.7,13.938,2,63.89,0.584,,
ZWE,Africa,Zimbabwe,9/23/2021,129134,330,252.286,4600,8,5.714,8556.357,21.866,16.716,304.794,0.53,0.379,1.11,,,,,,,,,2023,1214437,80.468,0.134,4279,0.284,0.056,17.9,tests performed,5166508,3007945,2158563,,42986,28887,34.23,19.93,14.3,,1914,65.74,15092171,42.729,19.6,2.822,1.882,1899.775,21.4,307.846,1.82,1.6,30.7,36.791,1.7,61.49,0.571,,
